tim,5b7fd007-3030-468e-a209-5abbe0c3939b,like
tim,8efaec33-c90c-4e26-8645-9d3716bc454a,like
tim,5317f646-b720-4d8a-b3a7-8757defff153,like
tim,a1de8fb7-f7d1-4366-9e1c-6d8c36fcbb3c,like
tim,969be64e-551f-4230-8cef-e4ec1232047d,dislike
tim,1b677f41-1456-4335-a9ee-659e287ef31a,dislike
tim,75a568e5-5df0-459e-9c90-26b5e24aee08,like
tim,b35e6ee8-649a-485b-8254-c90af638f336,like
tim,e1650043-f1bc-4d7a-8903-7cf8d96c9210,dislike
tim,9da0c593-c7ff-4a53-a444-5a8bd7365015,like
tim,11d5f26f-eadf-44c8-b9d3-7a2554ff4cf0,like
tim,8317f10e-f1fa-47bf-b2e8-c5e23627200e,like
tim,a9bf7fc5-1dd2-4113-acf5-832e6dd353d7,like
tim,54702828-1fd9-4c83-b390-1c60dbf0e7b7,dislike
tim,688b5c1a-7980-4664-8444-a3fdf5ac143d,like
tim,b3887c91-963e-4a4d-85fa-842c4ef4f8dc,dislike
tim,beb67eba-3838-4cc9-86f9-9236b054d88a,like
tim,4c1c8c94-f8dc-4d6f-b4a9-3d2a0380bb61,like
tim,69be8eca-151a-40cc-9dfb-0392b8ed206a,like
tim,02e2b088-70b4-4aec-ab53-c6705635006d,like
tim,cf523527-76d9-430b-b73c-be497d3c2931,like
tim,69a74da6-8245-4a7d-a848-67d6e2e7a5dc,like
tim,52d6aabc-d461-45ba-82a6-7b2960c57a8e,like
